Imię,Nazwisko,Mail,Data urodzenia,Miasto
Jan,Kowalski,jan.kowalski@gmail.com,1980-01-15,Warszawa
Anna,Nowak,anna.nowak@onet.pl,1985-03-22,Krakow
Piotr,Zielinski,piotr.zielinski@wp.pl,1978-07-09,Łodz
Maria,Wisniewska,maria.wisniewska@gmail.com,1990-12-05,Wrocław
Tomasz,Wojcik,tomasz.wojcik@interia.pl,1982-11-30,Poznan
Łukasz,Nowakowski,lukasz.nowakowski@yahoo.com,1975-04-12,Warszawa
Katarzyna,Wisniewska,katarzyna.wisniewska@gmail.com,1982-09-08,Krakow
Małgorzata,Kowalczyk,malgorzata.kowalczyk@wp.pl,1991-05-20,Łodz
Andrzej,Lewandowski,andrzej.lewandowski@gmail.com,1969-07-14,Wrocław
Grzegorz,Kaminski,grzegorz.kaminski@onet.pl,1980-12-03,Poznan
Barbara,Kozłowska,barbara.kozlowska@interia.pl,1978-06-25,Gdansk
Michał,Zawadzki,michal.zawadzki@yahoo.com,1993-08-11,Szczecin
Aleksandra,Jankowska,aleksandra.jankowska@gmail.com,1987-03-30,Lublin
Przemysław,Szymanski,przemyslaw.szymanski@wp.pl,1984-10-19,Białystok
Dorota,Dabrowska,dorota.dabrowska@gmail.com,1992-02-14,Katowice
Wojciech,Krawczyk,wojciech.krawczyk@onet.pl,1977-11-05,Krakow
Zofia,Wasilewska,zofia.wasilewska@wp.pl,1989-04-27,Czestochowa
Szymon,Mazur,szymon.mazur@yahoo.com,1995-01-17,Radom
Irena,Pawłowska,irena.pawlowska@gmail.com,1983-07-29,Torun
Marek,Bak,marek.bak@interia.pl,1976-03-03,Opole
Helena,Sikorska,helena.sikorska@yahoo.com,1990-08-21,Rzeszow
Rafał,Wrobel,rafal.wrobel@gmail.com,1988-12-12,Bydgoszcz
Joanna,Czerwinska,joanna.czerwinska@wp.pl,1994-05-05,Zielona Gora
Marcin,Krol,marcin.krol@onet.pl,1981-09-17,Gliwice
Ewa,Sobczak,ewa.sobczak@gmail.com,1979-10-30,Olsztyn
Piotr,Wasilewski,piotr.wasilewski@yahoo.com,1996-06-06,Sopot
Agata,Baran,agata.baran@wp.pl,1986-02-25,Kielce
Robert,Majewski,robert.majewski@gmail.com,1974-11-23,Opole
Natalia,Sadowska,natalia.sadowska@onet.pl,1998-04-03,Łomza
Krzysztof,Rutkowski,krzysztof.rutkowski@wp.pl,1983-09-09,Gorzow Wielkopolski
Sylwia,Głowacka,sylwia.glowacka@gmail.com,1997-07-07,Płock
Łucja,Ciesielska,lucja.ciesielska@yahoo.com,1991-03-11,Legnica
Adam,Borkowski,adam.borkowski@interia.pl,1985-05-23,Kalisz
Eryk,Piotrowski,eryk.piotrowski@gmail.com,1993-10-16,Elblag
Olga,Wojcik,olga.wojcik@onet.pl,1988-06-30,Warszawa
Dawid,Kubiak,dawid.kubiak@wp.pl,1990-12-01,Zamosc
Patrycja,Sikora,patrycja.sikora@yahoo.com,1994-08-18,Przemysl
Sebastian,Stepien,sebastian.stepien@gmail.com,1987-01-05,Suwałki
Monika,Gorska,monika.gorska@onet.pl,1992-09-21,Mielec
Artur,Nowicki,artur.nowicki@gmail.com,1980-02-10,Ostrołeka
Magdalena,Pietrzak,magdalena.pietrzak@wp.pl,1996-11-15,Poznań
Wiktor,Dudek,wiktor.dudek@yahoo.com,1989-07-27,Siedlce
Joanna,Wesołowska,joanna.wesolowska@gmail.com,1995-03-03,Krakow
Mariusz,Błaszczyk,mariusz.blaszczyk@onet.pl,1978-05-19,Katowice
Iwona,Lis,iwona.lis@wp.pl,1982-10-08,Warszawa
Bartosz,Sikorski,bartosz.sikorski@gmail.com,1991-04-14,Poznań
Karolina,Maj,karolina.maj@yahoo.com,1993-12-22,Warszawa
Cezary,Wojciechowski,cezary.wojciechowski@interia.pl,1986-07-04,Krakow
Renata,Kubiak,renata.kubiak@gmail.com,1985-08-30,Katowice
